"First Name","Last Name","Nickname","Company","Department","Job Title","E-mail Address","Categories","Notes"
"Joshua","Agar","","Dataerai","","Co-Founder and Chief Technology Officer","josh@dataerai.com","CI2026 Speaker;CI2026 In-person","Sep 30 15:00: Building Collective Intelligence for Autonomous Discovery at DATAERAI"
"Jacob","Covey","Jake","University of Chicago","Pritzker School of Molecular Engineering and the Department of Physics","Associate Professor of Molecular Engineering","jcovey@uchicago.edu","CI2026 Speaker;CI2026 In-person","Sep 30 13:45: Quantum Science with Neutral Atom Arrays"
"Matthew","Du","","University of Chicago","James Franck Institute","Postdoctoral Research Associate","madu@uchicago.edu","CI2026 Speaker;CI2026 In-person","Sep 29 15:00: Artificial Intelligence via Molecular Excitations"
"Bill","Fienup","","mHUB","","VP of Innovation Services & Co-founder","bill@mhub.org","CI2026 Speaker;CI2026 In-person","Sep 29 10:55: mHUB: An Innovation Center for All Things HardTech"
"Mattia","Gazzola","","University of Illinois Urbana-Champaign","","Associate Professor in Mechanical Science & Engineering; Director, Mind in Vitro","mgazzola@illinois.edu","CI2026 Speaker;CI2026 Remote","Sep 29 15:30: Biological Organoids for Intelligent Systems: The Mind in-Vitro Project"
"Tom","Gibbs","","NVIDIA","","Senior Business Development Manager","tgibbs@nvidia.com","CI2026 Speaker;CI2026 Remote","Sep 29 12:10: Real-Time AI for Fusion Energy Research"
"Phil","Harris","","Massachusetts Institute of Technology","","Associate Professor of Physics; A3D3 Institute Deputy Director","pcharris@mit.edu","CI2026 Speaker;CI2026 In-person","Sep 30 10:00: FastML Foundation and the Next Phase of Open AI Hardware Innovation"
"Jennifer","Hasler","","Georgia Institute of Technology","","Professor of Electrical Engineering; Director, Integrated Computational Electronics Laboratory","jennifer.hasler@ece.gatech.edu","CI2026 Speaker;CI2026 In-person","Sep 30 11:30: Physical AI and Neuromorphic Computation"
"Shih-Chieh","Hsu","","University of Washington","","Professor of Physics; A3D3 Institute Director","schsu@uw.edu","CI2026 Speaker;CI2026 In-person","Sep 29 11:30: Real-Time AI for Science: The Accelerated AI Institute for Data-Driven Discovery | Sep 30 15:20: AI / Machine Health / Edge Intelligence at BY-AITECH"
"Edmund","Humenberger","","Symbiotic EDA","","Co-Founder and CEO","edmund@symbioticeda.com","CI2026 Speaker;CI2026 Remote","Sep 29 10:20: Open Source Tools for FPGAs"
"Heejeong","Jeong","","Pasqal","","Head of Quantum Computing US","heejeong.jeong@pasqal.com","CI2026 Speaker;CI2026 In-person","Sep 30 14:05: Neural Atom Quantum Computing at Pasqal"
"Anne","Lee","","Women in AI USA","","Bell Labs Fellow & Advisor","contact@annelee.life","CI2026 Speaker;CI2026 In-person","Sep 30 11:00: Responsible AI in the Generative Era"
"Andrew","Lytle","","Illinois Quantum & Microelectronics Park","","Program Manager for Quantum Algorithms R & D","atlytle@illinois.edu","CI2026 Speaker;CI2026 In-person","Sep 30 12:00: Illinois Quantum and Microelectronics Park"
"Klara","Nahrstedt","","University of Illinois Urbana-Champaign","","Swanlund Endowed Chair in Computer Science; DPI Director of Research","klara@illinois.edu","CI2026 Speaker;CI2026 In-person","Sep 30 09:30: IBM-Illinois Discovery Accelerator Institute"
"Tina","Oberoi","","University of Chicago","Department of Computer Science","Ph.D. Student","toberoi@uchicago.edu","CI2026 Speaker;CI2026 In-person","Sep 30 14:25: Adaptive-Window Decoding for Real-Time Quantum Error Correction"
"Seda","Ogrenci","","Northwestern University","","Professor of Electrical & Computer Engineering; POSE HLS4ML Project Lead PI","seda@northwestern.edu","CI2026 Speaker;CI2026 In-person","Sep 29 09:50: HLS4ML Toolkit and NSF Phase-II POSE Project: Open Infrastructure for Accessible AI Hardware"
"Gene","Robinson","","University of Illinois Urbana-Champaign","","Swanlund Chair in Entomology; DPI Executive Director & CEO","generobi@illinois.edu","CI2026 Speaker;CI2026 In-person","Sep 30 09:00: Discovery Partners Institute: Powering Responsible AI Innovation"
"Laura","Schulz","","Argonne National Laboratory","Argonne Leadership Computing Facility","Project Lead for Quantum Innovation","schulz@anl.gov","CI2026 Speaker;CI2026 In-person","Sep 29 16:00: Building the Quantum–HPC Ecosystem: Co-Design Across Hardware, Software, Science, and Industry"
"Nhan","Tran","","Fermilab","","Wilson Fellow; AI Lead","ntran@fnal.gov","CI2026 Speaker;CI2026 In-person","Sep 29 09:10: Co-Designing the Next Generation of AI Computing Infrastructure"
"Matthew","Walter","","Toyota Technological Institute at Chicago","","Associate Professor","mwalter@ttic.edu","CI2026 Speaker;CI2026 In-person","Sep 29 13:45: Robot Intelligence through the Perception Laboratory at TTI-Chicago"
"Qi","Zhu","","Northwestern University","","Professor of Electrical and Computer Engineering","qzhu@northwestern.edu","CI2026 Speaker;CI2026 In-person","Sep 29 14:15: Safety Evaluation and Improvement for Embodied AI Systems"
